{"802884869407244328":{"TEMPLATEQUEUEINFORMATION":["queue","sadasd"]},"827310865509777479":{"TEMPLATEQUEUEINFORMATION":["queue","sadasd"]},"957554218691080244":{"TEMPLATEQUEUEINFORMATION":["queue","sadasd"]},"609727952581820437":{"TEMPLATEQUEUEINFORMATION":["queue","sadasd"]},"904300709107884082":{"TEMPLATEQUEUEINFORMATION":["queue","sadasd"]},"892360153565909004":{"TEMPLATEQUEUEINFORMATION":["queue","sadasd"]},"878143328410030130":{"TEMPLATEQUEUEINFORMATION":["queue","sadasd"]},"914777654459265024":{"TEMPLATEQUEUEINFORMATION":["queue","sadasd"]},"864709229570686987":{"TEMPLATEQUEUEINFORMATION":["queue","sadasd"]}}